[
{"year": 2020, "month": 0, "grain_height": 14.000000, "deer_count": 2, "precipitation": 6.881200, "temperature": 49.563873, "is_pandemic": 0},
{"year": 2020, "month": 1, "grain_height": 14.000000, "deer_count": 3, "precipitation": 11.749344, "temperature": 51.786961, "is_pandemic": 0},
{"year": 2020, "month": 2, "grain_height": 11.000000, "deer_count": 4, "precipitation": 13.131476, "temperature": 59.884247, "is_pandemic": 0},
{"year": 2020, "month": 3, "grain_height": 7.000000, "deer_count": 5, "precipitation": 13.085875, "temperature": 63.367577, "is_pandemic": 0},
{"year": 2020, "month": 4, "grain_height": 2.000000, "deer_count": 6, "precipitation": 10.818293, "temperature": 77.106400, "is_pandemic": 0},
{"year": 2020, "month": 5, "grain_height": 0.000000, "deer_count": 5, "precipitation": 8.633285, "temperature": 88.743195, "is_pandemic": 0},
{"year": 2020, "month": 6, "grain_height": 0.000000, "deer_count": 4, "precipitation": 3.688349, "temperature": 70.599403, "is_pandemic": 0},
{"year": 2020, "month": 7, "grain_height": 0.000000, "deer_count": 3, "precipitation": 2.227126, "temperature": 78.737137, "is_pandemic": 0},
{"year": 2020, "month": 8, "grain_height": 0.000000, "deer_count": 2, "precipitation": 0.000000, "temperature": 59.100212, "is_pandemic": 0},
{"year": 2020, "month": 9, "grain_height": 0.000000, "deer_count": 1, "precipitation": 0.000000, "temperature": 62.140209, "is_pandemic": 0},
{"year": 2020, "month": 10, "grain_height": 0.000000, "deer_count": 0, "precipitation": 2.188406, "temperature": 54.608902, "is_pandemic": 0},
{"year": 2020, "month": 11, "grain_height": 2.000000, "deer_count": 0, "precipitation": 4.192650, "temperature": 49.141685, "is_pandemic": 0},
{"year": 2021, "month": 0, "grain_height": 5.000000, "deer_count": 1, "precipitation": 8.064785, "temperature": 48.981186, "is_pandemic": 0},
{"year": 2021, "month": 1, "grain_height": 9.000000, "deer_count": 2, "precipitation": 9.838739, "temperature": 47.277721, "is_pandemic": 0},
{"year": 2021, "month": 2, "grain_height": 12.000000, "deer_count": 3, "precipitation": 12.889243, "temperature": 47.038437, "is_pandemic": 0},
{"year": 2021, "month": 3, "grain_height": 9.000000, "deer_count": 4, "precipitation": 13.093808, "temperature": 59.528130, "is_pandemic": 0},
{"year": 2021, "month": 4, "grain_height": 0.000000, "deer_count": 0, "precipitation": 9.636188, "temperature": 75.923630, "is_pandemic": 35},
{"year": 2021, "month": 5, "grain_height": 0.000000, "deer_count": 0, "precipitation": 7.761807, "temperature": 88.606163, "is_pandemic": 35},
{"year": 2021, "month": 6, "grain_height": 0.000000, "deer_count": 0, "precipitation": 4.789835, "temperature": 85.469543, "is_pandemic": 35},
{"year": 2021, "month": 7, "grain_height": 0.000000, "deer_count": 0, "precipitation": 4.552708, "temperature": 72.294060, "is_pandemic": 35},
{"year": 2021, "month": 8, "grain_height": 0.000000, "deer_count": 0, "precipitation": 0.304766, "temperature": 55.691044, "is_pandemic": 35},
{"year": 2021, "month": 9, "grain_height": 0.000000, "deer_count": 0, "precipitation": 2.070042, "temperature": 60.339874, "is_pandemic": 35},
{"year": 2021, "month": 10, "grain_height": 0.000000, "deer_count": 0, "precipitation": 1.240148, "temperature": 41.994896, "is_pandemic": 35},
{"year": 2021, "month": 11, "grain_height": 0.000000, "deer_count": 0, "precipitation": 7.102321, "temperature": 49.095734, "is_pandemic": 35},
{"year": 2022, "month": 0, "grain_height": 0.000000, "deer_count": 0, "precipitation": 8.794971, "temperature": 42.989388, "is_pandemic": 35},
{"year": 2022, "month": 1, "grain_height": 0.000000, "deer_count": 0, "precipitation": 12.064691, "temperature": 48.741890, "is_pandemic": 35},
{"year": 2022, "month": 2, "grain_height": 0.000000, "deer_count": 0, "precipitation": 13.033678, "temperature": 54.889496, "is_pandemic": 0},
{"year": 2022, "month": 3, "grain_height": 0.000000, "deer_count": 0, "precipitation": 13.075396, "temperature": 72.678673, "is_pandemic": 0},
{"year": 2022, "month": 4, "grain_height": 0.000000, "deer_count": 0, "precipitation": 9.718104, "temperature": 82.050812, "is_pandemic": 0},
{"year": 2022, "month": 5, "grain_height": 0.000000, "deer_count": 0, "precipitation": 10.496636, "temperature": 73.013802, "is_pandemic": 0},
{"year": 2022, "month": 6, "grain_height": 0.000000, "deer_count": 0, "precipitation": 5.463835, "temperature": 78.652466, "is_pandemic": 0},
{"year": 2022, "month": 7, "grain_height": 0.000000, "deer_count": 0, "precipitation": 4.073965, "temperature": 67.095367, "is_pandemic": 0},
{"year": 2022, "month": 8, "grain_height": 0.000000, "deer_count": 0, "precipitation": 0.974396, "temperature": 57.406425, "is_pandemic": 0},
{"year": 2022, "month": 9, "grain_height": 4.000000, "deer_count": 0, "precipitation": 3.177992, "temperature": 45.811310, "is_pandemic": 0},
{"year": 2022, "month": 10, "grain_height": 9.000000, "deer_count": 1, "precipitation": 3.914040, "temperature": 36.052692, "is_pandemic": 0},
{"year": 2022, "month": 11, "grain_height": 15.000000, "deer_count": 2, "precipitation": 6.353849, "temperature": 39.317783, "is_pandemic": 0},
{"year": 2023, "month": 0, "grain_height": 18.000000, "deer_count": 3, "precipitation": 7.201024, "temperature": 46.317604, "is_pandemic": 0},
{"year": 2023, "month": 1, "grain_height": 15.000000, "deer_count": 4, "precipitation": 10.007239, "temperature": 55.646187, "is_pandemic": 0},
{"year": 2023, "month": 2, "grain_height": 14.000000, "deer_count": 5, "precipitation": 10.969797, "temperature": 49.741219, "is_pandemic": 0},
{"year": 2023, "month": 3, "grain_height": 9.000000, "deer_count": 6, "precipitation": 13.729185, "temperature": 61.224342, "is_pandemic": 0},
{"year": 2023, "month": 4, "grain_height": 3.000000, "deer_count": 7, "precipitation": 12.670791, "temperature": 69.301178, "is_pandemic": 0},
{"year": 2023, "month": 5, "grain_height": 0.000000, "deer_count": 6, "precipitation": 8.089088, "temperature": 87.697975, "is_pandemic": 0},
{"year": 2023, "month": 6, "grain_height": 0.000000, "deer_count": 5, "precipitation": 5.463336, "temperature": 72.429985, "is_pandemic": 0},
{"year": 2023, "month": 7, "grain_height": 0.000000, "deer_count": 4, "precipitation": 1.028275, "temperature": 69.690582, "is_pandemic": 0},
{"year": 2023, "month": 8, "grain_height": 0.000000, "deer_count": 3, "precipitation": 2.703986, "temperature": 60.931473, "is_pandemic": 0},
{"year": 2023, "month": 9, "grain_height": 0.000000, "deer_count": 2, "precipitation": 0.000000, "temperature": 64.339386, "is_pandemic": 0},
{"year": 2023, "month": 10, "grain_height": 4.000000, "deer_count": 1, "precipitation": 4.065683, "temperature": 38.771275, "is_pandemic": 0},
{"year": 2023, "month": 11, "grain_height": 5.000000, "deer_count": 2, "precipitation": 3.478072, "temperature": 48.299377, "is_pandemic": 0},
{"year": 2024, "month": 0, "grain_height": 0.000000, "deer_count": 0, "precipitation": 7.090994, "temperature": 42.261871, "is_pandemic": 35},
{"year": 2024, "month": 1, "grain_height": 0.000000, "deer_count": 0, "precipitation": 11.496819, "temperature": 47.567444, "is_pandemic": 35},
{"year": 2024, "month": 2, "grain_height": 0.000000, "deer_count": 0, "precipitation": 14.402632, "temperature": 57.097206, "is_pandemic": 35},
{"year": 2024, "month": 3, "grain_height": 0.000000, "deer_count": 0, "precipitation": 11.622404, "temperature": 69.279099, "is_pandemic": 35},
{"year": 2024, "month": 4, "grain_height": 0.000000, "deer_count": 0, "precipitation": 13.031990, "temperature": 71.320656, "is_pandemic": 35},
{"year": 2024, "month": 5, "grain_height": 0.000000, "deer_count": 0, "precipitation": 9.283303, "temperature": 79.786079, "is_pandemic": 35},
{"year": 2024, "month": 6, "grain_height": 0.000000, "deer_count": 0, "precipitation": 6.093532, "temperature": 79.510452, "is_pandemic": 35},
{"year": 2024, "month": 7, "grain_height": 0.000000, "deer_count": 0, "precipitation": 0.766072, "temperature": 73.613731, "is_pandemic": 35},
{"year": 2024, "month": 8, "grain_height": 0.000000, "deer_count": 0, "precipitation": 2.499977, "temperature": 74.001060, "is_pandemic": 35},
{"year": 2024, "month": 9, "grain_height": 0.000000, "deer_count": 0, "precipitation": 1.951622, "temperature": 64.331253, "is_pandemic": 0},
{"year": 2024, "month": 10, "grain_height": 0.000000, "deer_count": 0, "precipitation": 4.349216, "temperature": 53.851662, "is_pandemic": 0},
{"year": 2024, "month": 11, "grain_height": 4.000000, "deer_count": 0, "precipitation": 6.365231, "temperature": 32.723862, "is_pandemic": 0},
{"year": 2025, "month": 0, "grain_height": 11.000000, "deer_count": 1, "precipitation": 7.710278, "temperature": 36.365456, "is_pandemic": 0},
{"year": 2025, "month": 1, "grain_height": 14.000000, "deer_count": 2, "precipitation": 12.357175, "temperature": 47.941437, "is_pandemic": 0},
{"year": 2025, "month": 2, "grain_height": 12.000000, "deer_count": 3, "precipitation": 11.087959, "temperature": 55.341263, "is_pandemic": 0},
{"year": 2025, "month": 3, "grain_height": 9.000000, "deer_count": 4, "precipitation": 10.937771, "temperature": 70.463425, "is_pandemic": 0},
{"year": 2025, "month": 4, "grain_height": 5.000000, "deer_count": 5, "precipitation": 12.017251, "temperature": 75.278107, "is_pandemic": 0},
{"year": 2025, "month": 5, "grain_height": 0.000000, "deer_count": 5, "precipitation": 8.059160, "temperature": 81.481422, "is_pandemic": 0},
{"year": 2025, "month": 6, "grain_height": 0.000000, "deer_count": 4, "precipitation": 3.964523, "temperature": 76.787392, "is_pandemic": 0},
{"year": 2025, "month": 7, "grain_height": 0.000000, "deer_count": 3, "precipitation": 1.513296, "temperature": 83.141914, "is_pandemic": 0},
{"year": 2025, "month": 8, "grain_height": 0.000000, "deer_count": 2, "precipitation": 0.000000, "temperature": 69.129051, "is_pandemic": 0},
{"year": 2025, "month": 9, "grain_height": 0.000000, "deer_count": 1, "precipitation": 0.920436, "temperature": 60.555458, "is_pandemic": 0},
{"year": 2025, "month": 10, "grain_height": 3.000000, "deer_count": 0, "precipitation": 1.981734, "temperature": 40.406792, "is_pandemic": 0},
{"year": 2025, "month": 11, "grain_height": 9.000000, "deer_count": 1, "precipitation": 5.027405, "temperature": 41.303047, "is_pandemic": 0}
]
